{
    "name": "root",
    "gauges": {
        "SampleReturn.Policy.Entropy.mean": {
            "value": 1.376728892326355,
            "min": 1.376728892326355,
            "max": 1.4182616472244263,
            "count": 10
        },
        "SampleReturn.Policy.Entropy.sum": {
            "value": 68879.125,
            "min": 68879.125,
            "max": 71263.390625,
            "count": 10
        },
        "SampleReturn.Environment.EpisodeLength.mean": {
            "value": 17698.5,
            "min": 84.2544731610338,
            "max": 24893.5,
            "count": 10
        },
        "SampleReturn.Environment.EpisodeLength.sum": {
            "value": 35397.0,
            "min": 9488.0,
            "max": 55445.0,
            "count": 10
        },
        "SampleReturn.Step.mean": {
            "value": 499939.0,
            "min": 49987.0,
            "max": 499939.0,
            "count": 10
        },
        "SampleReturn.Step.sum": {
            "value": 499939.0,
            "min": 49987.0,
            "max": 499939.0,
            "count": 10
        },
        "SampleReturn.Policy.ExtrinsicValueEstimate.mean": {
            "value": -0.4365536868572235,
            "min": -0.4365536868572235,
            "max": 4.227422714233398,
            "count": 10
        },
        "SampleReturn.Policy.ExtrinsicValueEstimate.sum": {
            "value": -341.3849792480469,
            "min": -341.3849792480469,
            "max": 4197.83056640625,
            "count": 10
        },
        "SampleReturn.Environment.CumulativeReward.mean": {
            "value": -89.49250626564026,
            "min": -125.21750877052546,
            "max": -1.4202783433331647,
            "count": 10
        },
        "SampleReturn.Environment.CumulativeReward.sum": {
            "value": -178.98501253128052,
            "min": -714.4000066965818,
            "max": -50.4400033056736,
            "count": 10
        },
        "SampleReturn.Policy.ExtrinsicReward.mean": {
            "value": -89.49250626564026,
            "min": -125.21750877052546,
            "max": -1.4202783433331647,
            "count": 10
        },
        "SampleReturn.Policy.ExtrinsicReward.sum": {
            "value": -178.98501253128052,
            "min": -714.4000066965818,
            "max": -50.4400033056736,
            "count": 10
        },
        "SampleReturn.Losses.PolicyLoss.mean": {
            "value": 0.02558616952660183,
            "min": 0.022675545083669323,
            "max": 0.026126091461628677,
            "count": 10
        },
        "SampleReturn.Losses.PolicyLoss.sum": {
            "value": 0.12793084763300916,
            "min": 0.09468048946776739,
            "max": 0.13063045730814338,
            "count": 10
        },
        "SampleReturn.Losses.ValueLoss.mean": {
            "value": 0.0011624822779170547,
            "min": 0.0007501272234367206,
            "max": 2.250390762587388,
            "count": 10
        },
        "SampleReturn.Losses.ValueLoss.sum": {
            "value": 0.005812411389585274,
            "min": 0.003750636117183603,
            "max": 9.001563050349551,
            "count": 10
        },
        "SampleReturn.Policy.LearningRate.mean": {
            "value": 1.5476014841360002e-05,
            "min": 1.5476014841360002e-05,
            "max": 0.00028458510513830004,
            "count": 10
        },
        "SampleReturn.Policy.LearningRate.sum": {
            "value": 7.738007420680001e-05,
            "min": 7.738007420680001e-05,
            "max": 0.0012839076720307999,
            "count": 10
        },
        "SampleReturn.Policy.Epsilon.mean": {
            "value": 0.10515864000000001,
            "min": 0.10515864000000001,
            "max": 0.1948617,
            "count": 10
        },
        "SampleReturn.Policy.Epsilon.sum": {
            "value": 0.5257932000000001,
            "min": 0.5257932000000001,
            "max": 0.9279691999999999,
            "count": 10
        },
        "SampleReturn.Policy.Beta.mean": {
            "value": 0.00026741613600000003,
            "min": 0.00026741613600000003,
            "max": 0.00474359883,
            "count": 10
        },
        "SampleReturn.Policy.Beta.sum": {
            "value": 0.0013370806800000001,
            "min": 0.0013370806800000001,
            "max": 0.02140566308,
            "count": 10
        },
        "SampleReturn.IsTraining.mean": {
            "value": 1.0,
            "min": 1.0,
            "max": 1.0,
            "count": 10
        },
        "SampleReturn.IsTraining.sum": {
            "value": 1.0,
            "min": 1.0,
            "max": 1.0,
            "count": 10
        }
    },
    "metadata": {
        "timer_format_version": "0.1.0",
        "start_time_seconds": "1744558959",
        "python_version": "3.10.11 (tags/v3.10.11:7d4cc5a, Apr  5 2023, 00:38:17) [MSC v.1929 64 bit (AMD64)]",
        "command_line_arguments": "C:\\code\\599 Project\\Pebbles\\venv\\scripts\\mlagents-learn --run-id=agents2",
        "mlagents_version": "1.1.0",
        "mlagents_envs_version": "1.1.0",
        "communication_protocol_version": "1.5.0",
        "pytorch_version": "2.2.2+cu121",
        "numpy_version": "1.23.5",
        "end_time_seconds": "1744559890"
    },
    "total": 930.2991789999942,
    "count": 1,
    "self": 0.009081699987291358,
    "children": {
        "run_training.setup": {
            "total": 0.04638270000577904,
            "count": 1,
            "self": 0.04638270000577904
        },
        "TrainerController.start_learning": {
            "total": 930.2437146000011,
            "count": 1,
            "self": 1.0562163983704522,
            "children": {
                "TrainerController._reset_env": {
                    "total": 10.849444999999832,
                    "count": 1,
                    "self": 10.849444999999832
                },
                "TrainerController.advance": {
                    "total": 918.272333701636,
                    "count": 56018,
                    "self": 0.9940038016065955,
                    "children": {
                        "env_step": {
                            "total": 800.2337273001758,
                            "count": 56018,
                            "self": 538.5948739006126,
                            "children": {
                                "SubprocessEnvManager._take_step": {
                                    "total": 260.89048929959245,
                                    "count": 56018,
                                    "self": 3.544924499190529,
                                    "children": {
                                        "TorchPolicy.evaluate": {
                                            "total": 257.3455648004019,
                                            "count": 55588,
                                            "self": 257.3455648004019
                                        }
                                    }
                                },
                                "workers": {
                                    "total": 0.7483640999707859,
                                    "count": 56018,
                                    "self": 0.0,
                                    "children": {
                                        "worker_root": {
                                            "total": 918.4653809002775,
                                            "count": 56018,
                                            "is_parallel": true,
                                            "self": 441.2214579000138,
                                            "children": {
                                                "steps_from_proto": {
                                                    "total": 0.0002339999919058755,
                                                    "count": 1,
                                                    "is_parallel": true,