{
    "name": "root",
    "metadata": {
        "timer_format_version": "0.1.0",
        "start_time_seconds": "1741305770",
        "python_version": "3.10.11 (tags/v3.10.11:7d4cc5a, Apr  5 2023, 00:38:17) [MSC v.1929 64 bit (AMD64)]",
        "command_line_arguments": "C:\\code\\599 Project\\Pebbles\\venv\\scripts\\mlagents-learn --run-id=test2",
        "mlagents_version": "1.1.0",
        "mlagents_envs_version": "1.1.0",
        "communication_protocol_version": "1.5.0",
        "pytorch_version": "2.2.2+cu121",
        "numpy_version": "1.23.5",
        "end_time_seconds": "1741305918"
    },
    "total": 148.21787870000117,
    "count": 1,
    "self": 0.009093699991353787,
    "children": {
        "run_training.setup": {
            "total": 0.03696060000220314,
            "count": 1,
            "self": 0.03696060000220314
        },
        "TrainerController.start_learning": {
            "total": 148.1718244000076,
            "count": 1,
            "self": 0.016657100029988214,
            "children": {
                "TrainerController._reset_env": {
                    "total": 17.705006400006823,
                    "count": 1,
                    "self": 17.705006400006823
                },
                "TrainerController.advance": {
                    "total": 130.2830171999667,
                    "count": 1237,
                    "self": 0.015268799601471983,
                    "children": {
                        "env_step": {
                            "total": 130.14339610027673,
                            "count": 1237,
                            "self": 123.80175629981386,
                            "children": {
                                "SubprocessEnvManager._take_step": {
                                    "total": 6.330271900151274,
                                    "count": 1237,
                                    "self": 0.05405160038208123,
                                    "children": {
                                        "TorchPolicy.evaluate": {
                                            "total": 6.276220299769193,
                                            "count": 1231,
                                            "self": 6.276220299769193
                                        }
                                    }
                                },
                                "workers": {
                                    "total": 0.011367900311597623,
                                    "count": 1236,
                                    "self": 0.0,
                                    "children": {
                                        "worker_root": {
                                            "total": 68.52404489995388,
                                            "count": 1236,
                                            "is_parallel": true,
                                            "self": 8.325818899902515,
                                            "children": {
                                                "steps_from_proto": {
                                                    "total": 0.00017329999536741525,
                                                    "count": 1,
                                                    "is_parallel": true,
                                                    "self": 5.840000812895596e-05,
                                                    "children": {
                                                        "_process_rank_one_or_two_observation": {
                                                            "total": 0.00011489998723845929,
                                                            "count": 2,
                                                            "is_parallel": true,
                                                            "self": 0.00011489998723845929
                                                        }
                                                    }
                                                },
                                                "UnityEnvironment.step": {
                                                    "total": 60.198052700055996,
                                                    "count": 1236,
                                                    "is_parallel": true,
                                                    "self": 0.0679886005964363,
                                                    "children": {
                                                        "UnityEnvironment._generate_step_input": {
                                                            "total": 0.06502509985875804,
                                                            "count": 1236,
                                                            "is_parallel": true,
                                                            "self": 0.06502509985875804
                                                        },
                                                        "communicator.exchange": {
                                                            "total": 59.90612259977206,
                                                            "count": 1236,
                                                            "is_parallel": true,
                                                            "self": 59.90612259977206
                                                        },
                                                        "steps_from_proto": {
                                                            "total": 0.1589163998287404,
                                                            "count": 1236,
                                                            "is_parallel": true,
                                                            "self": 0.07448899996234104,
                                                            "children": {
                                                                "_process_rank_one_or_two_observation": {
                                                                    "total": 0.08442739986639936,
                                                                    "count": 2472,
                                                                    "is_parallel": true,
                                                                    "self": 0.08442739986639936
                                                                }
                                                            }
                                                        }
                                                    }
                                                }
                                            }
                                        }
                                    }
                                }
                            }
                        },
                        "trainer_advance": {
                            "total": 0.1243523000885034,
                            "count": 1236,
                            "self": 0.019567600364098325,
                            "children": {
                                "process_trajectory": {
                                    "total": 0.10478469972440507,
                                    "count": 1236,
                                    "self": 0.10478469972440507
                                }
                            }
                        }
                    }
                },
                "TrainerController._save_models": {
                    "total": 0.16714370000408962,
                    "count": 1,
                    "self": 0.02568730000348296,
                    "children": {
                        "RLTrainer._checkpoint": {
                            "total": 0.14145640000060666,
                            "count": 1,