{
    "name": "root",
    "metadata": {
        "timer_format_version": "0.1.0",
        "start_time_seconds": "1741304353",
        "python_version": "3.10.11 (tags/v3.10.11:7d4cc5a, Apr  5 2023, 00:38:17) [MSC v.1929 64 bit (AMD64)]",
        "command_line_arguments": "C:\\code\\599 Project\\Pebbles\\venv\\scripts\\mlagents-learn --run-id=ppo",
        "mlagents_version": "1.1.0",
        "mlagents_envs_version": "1.1.0",
        "communication_protocol_version": "1.5.0",
        "pytorch_version": "2.2.2+cu121",
        "numpy_version": "1.23.5",
        "end_time_seconds": "1741304443"
    },
    "total": 89.88107550000132,
    "count": 1,
    "self": 0.0062507999973604456,
    "children": {
        "run_training.setup": {
            "total": 0.020979799999622628,
            "count": 1,
            "self": 0.020979799999622628
        },
        "TrainerController.start_learning": {
            "total": 89.85384490000433,
            "count": 1,
            "self": 0.02072390001558233,
            "children": {
                "TrainerController._reset_env": {
                    "total": 12.086889099999098,
                    "count": 1,
                    "self": 12.086889099999098
                },
                "TrainerController.advance": {
                    "total": 77.6338711999997,
                    "count": 1550,
                    "self": 0.018280100674019195,
                    "children": {
                        "env_step": {
                            "total": 77.3701126993692,
                            "count": 1550,
                            "self": 70.28828829918348,
                            "children": {
                                "SubprocessEnvManager._take_step": {
                                    "total": 7.067687399932765,
                                    "count": 1550,
                                    "self": 0.06546789966523647,
                                    "children": {
                                        "TorchPolicy.evaluate": {
                                            "total": 7.002219500267529,
                                            "count": 1541,
                                            "self": 7.002219500267529
                                        }
                                    }
                                },
                                "workers": {
                                    "total": 0.014137000252958387,
                                    "count": 1549,
                                    "self": 0.0,
                                    "children": {
                                        "worker_root": {
                                            "total": 15.53834119977546,
                                            "count": 1549,
                                            "is_parallel": true,
                                            "self": 9.128003300080309,
                                            "children": {
                                                "steps_from_proto": {
                                                    "total": 0.00016999999934341758,
                                                    "count": 1,
                                                    "is_parallel": true,
                                                    "self": 5.5199998314492404e-05,
                                                    "children": {
                                                        "_process_rank_one_or_two_observation": {
                                                            "total": 0.00011480000102892518,
                                                            "count": 2,
                                                            "is_parallel": true,
                                                            "self": 0.00011480000102892518
                                                        }
                                                    }
                                                },
                                                "UnityEnvironment.step": {
                                                    "total": 6.410167899695807,
                                                    "count": 1549,
                                                    "is_parallel": true,
                                                    "self": 0.08376310006133281,
                                                    "children": {
                                                        "UnityEnvironment._generate_step_input": {
                                                            "total": 0.07855979993473738,
                                                            "count": 1549,
                                                            "is_parallel": true,
                                                            "self": 0.07855979993473738
                                                        },
                                                        "communicator.exchange": {
                                                            "total": 6.0484587998798816,
                                                            "count": 1549,
                                                            "is_parallel": true,
                                                            "self": 6.0484587998798816
                                                        },
                                                        "steps_from_proto": {
                                                            "total": 0.1993861998198554,
                                                            "count": 1549,
                                                            "is_parallel": true,
                                                            "self": 0.09285060018009972,
                                                            "children": {
                                                                "_process_rank_one_or_two_observation": {
                                                                    "total": 0.10653559963975567,
                                                                    "count": 3098,
                                                                    "is_parallel": true,
                                                                    "self": 0.10653559963975567
                                                                }
                                                            }
                                                        }
                                                    }
                                                }
                                            }
                                        }
                                    }
                                }
                            }
                        },
                        "trainer_advance": {
                            "total": 0.24547839995648246,
                            "count": 1549,
                            "self": 0.024679200199898332,
                            "children": {
                                "process_trajectory": {
                                    "total": 0.22079919975658413,
                                    "count": 1549,
                                    "self": 0.22079919975658413
                                }
                            }
                        }
                    }
                },
                "TrainerController._save_models": {
                    "total": 0.11236069998994935,
                    "count": 1,
                    "self": 0.025416099990252405,
                    "children": {
                        "RLTrainer._checkpoint": {
                            "total": 0.08694459999969695,
                            "count": 1,