{
    "name": "root",
    "gauges": {
        "MoveToGoal.Policy.Entropy.mean": {
            "value": 1.3741459846496582,
            "min": 1.3741459846496582,
            "max": 1.4189863204956055,
            "count": 10
        },
        "MoveToGoal.Policy.Entropy.sum": {
            "value": 68459.953125,
            "min": 68459.953125,
            "max": 71970.984375,
            "count": 10
        },
        "MoveToGoal.Step.mean": {
            "value": 499985.0,
            "min": 49939.0,
            "max": 499985.0,
            "count": 10
        },
        "MoveToGoal.Step.sum": {
            "value": 499985.0,
            "min": 49939.0,
            "max": 499985.0,
            "count": 10
        },
        "MoveToGoal.Policy.ExtrinsicValueEstimate.mean": {
            "value": 0.02397824451327324,
            "min": -2.4621503353118896,
            "max": 0.629004180431366,
            "count": 10
        },
        "MoveToGoal.Policy.ExtrinsicValueEstimate.sum": {
            "value": 23.954265594482422,
            "min": -2422.755859375,
            "max": 602.5859985351562,
            "count": 10
        },
        "MoveToGoal.Environment.EpisodeLength.mean": {
            "value": 199.0,
            "min": 117.42925659472422,
            "max": 199.0,
            "count": 10
        },
        "MoveToGoal.Environment.EpisodeLength.sum": {
            "value": 49352.0,
            "min": 48968.0,
            "max": 50409.0,
            "count": 10
        },
        "MoveToGoal.Environment.CumulativeReward.mean": {
            "value": 0.0,
            "min": -0.973621103117506,
            "max": 0.0,
            "count": 10
        },
        "MoveToGoal.Environment.CumulativeReward.sum": {
            "value": 0.0,
            "min": -406.0,
            "max": 0.0,
            "count": 10
        },
        "MoveToGoal.Policy.ExtrinsicReward.mean": {
            "value": 0.0,
            "min": -0.973621103117506,
            "max": 0.0,
            "count": 10
        },
        "MoveToGoal.Policy.ExtrinsicReward.sum": {
            "value": 0.0,
            "min": -406.0,
            "max": 0.0,
            "count": 10
        },
        "MoveToGoal.Losses.PolicyLoss.mean": {
            "value": 0.023797173164784906,
            "min": 0.022122503626160323,
            "max": 0.027880886883164445,
            "count": 10
        },
        "MoveToGoal.Losses.PolicyLoss.sum": {
            "value": 0.11898586582392454,
            "min": 0.10067341062240301,
            "max": 0.13940443441582223,
            "count": 10
        },
        "MoveToGoal.Losses.ValueLoss.mean": {
            "value": 8.391066531961162e-05,
            "min": 8.391066531961162e-05,
            "max": 0.27613084223121404,
            "count": 10
        },
        "MoveToGoal.Losses.ValueLoss.sum": {
            "value": 0.0004195533265980581,
            "min": 0.0004195533265980581,
            "max": 1.1045233689248561,
            "count": 10
        },
        "MoveToGoal.Policy.LearningRate.mean": {
            "value": 1.628685457107999e-05,
            "min": 1.628685457107999e-05,
            "max": 0.00028442325519225,
            "count": 10
        },
        "MoveToGoal.Policy.LearningRate.sum": {
            "value": 8.143427285539994e-05,
            "min": 8.143427285539994e-05,
            "max": 0.0012833286722237999,
            "count": 10
        },
        "MoveToGoal.Policy.Epsilon.mean": {
            "value": 0.10542892000000001,
            "min": 0.10542892000000001,
            "max": 0.19480775000000003,
            "count": 10
        },
        "MoveToGoal.Policy.Epsilon.sum": {
            "value": 0.5271446000000001,
            "min": 0.499772,
            "max": 0.9277762000000003,
            "count": 10
        },
        "MoveToGoal.Policy.Beta.mean": {
            "value": 0.0002809031079999999,
            "min": 0.0002809031079999999,
            "max": 0.004740906724999999,
            "count": 10
        },
        "MoveToGoal.Policy.Beta.sum": {
            "value": 0.0014045155399999994,
            "min": 0.0014045155399999994,
            "max": 0.021396032379999996,
            "count": 10
        },
        "MoveToGoal.IsTraining.mean": {
            "value": 1.0,
            "min": 1.0,
            "max": 1.0,
            "count": 10
        },
        "MoveToGoal.IsTraining.sum": {
            "value": 1.0,
            "min": 1.0,
            "max": 1.0,
            "count": 10
        }
    },
    "metadata": {
        "timer_format_version": "0.1.0",
        "start_time_seconds": "1741307042",
        "python_version": "3.10.11 (tags/v3.10.11:7d4cc5a, Apr  5 2023, 00:38:17) [MSC v.1929 64 bit (AMD64)]",
        "command_line_arguments": "C:\\code\\599 Project\\Pebbles\\venv\\scripts\\mlagents-learn --run-id=test5",
        "mlagents_version": "1.1.0",
        "mlagents_envs_version": "1.1.0",
        "communication_protocol_version": "1.5.0",
        "pytorch_version": "2.2.2+cu121",
        "numpy_version": "1.23.5",
        "end_time_seconds": "1741307722"
    },
    "total": 680.2614142999955,
    "count": 1,
    "self": 0.008391700001084246,
    "children": {
        "run_training.setup": {
            "total": 0.023231799990753643,
            "count": 1,
            "self": 0.023231799990753643
        },
        "TrainerController.start_learning": {
            "total": 680.2297908000037,
            "count": 1,
            "self": 0.6658185001724632,
            "children": {
                "TrainerController._reset_env": {
                    "total": 5.894961300000432,
                    "count": 1,
                    "self": 5.894961300000432
                },
                "TrainerController.advance": {
                    "total": 673.5918196998391,
                    "count": 26773,
                    "self": 0.6254919994971715,
                    "children": {
                        "env_step": {
                            "total": 525.5960576006182,
                            "count": 26773,
                            "self": 385.936163098173,
                            "children": {
                                "SubprocessEnvManager._take_step": {
                                    "total": 139.2348312021204,
                                    "count": 26774,
                                    "self": 2.475017401520745,
                                    "children": {
                                        "TorchPolicy.evaluate": {
                                            "total": 136.75981380059966,
                                            "count": 25040,
                                            "self": 136.75981380059966
                                        }
                                    }
                                },
                                "workers": {
                                    "total": 0.42506330032483675,
                                    "count": 26773,
                                    "self": 0.0,
                                    "children": {
                                        "worker_root": {
                                            "total": 669.0054219008016,
                                            "count": 26773,
                                            "is_parallel": true,
                                            "self": 334.80559420058853,
                                            "children": {
                                                "steps_from_proto": {
                                                    "total": 0.000538699998287484,
                                                    "count": 2,
                                                    "is_parallel": true,
                                                    "self": 0.0002116999967256561,