{
    "name": "root",
    "metadata": {
        "timer_format_version": "0.1.0",
        "start_time_seconds": "1741306402",
        "python_version": "3.10.11 (tags/v3.10.11:7d4cc5a, Apr  5 2023, 00:38:17) [MSC v.1929 64 bit (AMD64)]",
        "command_line_arguments": "C:\\code\\599 Project\\Pebbles\\venv\\scripts\\mlagents-learn --run-id=test3",
        "mlagents_version": "1.1.0",
        "mlagents_envs_version": "1.1.0",
        "communication_protocol_version": "1.5.0",
        "pytorch_version": "2.2.2+cu121",
        "numpy_version": "1.23.5",
        "end_time_seconds": "1741306600"
    },
    "total": 197.78854999999749,
    "count": 1,
    "self": 0.009159900015220046,
    "children": {
        "run_training.setup": {
            "total": 0.03833179999492131,
            "count": 1,
            "self": 0.03833179999492131
        },
        "TrainerController.start_learning": {
            "total": 197.74105829998734,
            "count": 1,
            "self": 0.11205380011233501,
            "children": {
                "TrainerController._reset_env": {
                    "total": 60.19512930000201,
                    "count": 1,
                    "self": 60.19512930000201
                },
                "TrainerController.advance": {
                    "total": 137.27459629987425,
                    "count": 6252,
                    "self": 0.09960969969688449,
                    "children": {
                        "env_step": {
                            "total": 136.1309486997052,
                            "count": 6252,
                            "self": 111.54939150012797,
                            "children": {
                                "SubprocessEnvManager._take_step": {
                                    "total": 24.506094099735492,
                                    "count": 6252,
                                    "self": 0.36610380007186905,
                                    "children": {
                                        "TorchPolicy.evaluate": {
                                            "total": 24.139990299663623,
                                            "count": 6187,
                                            "self": 24.139990299663623
                                        }
                                    }
                                },
                                "workers": {
                                    "total": 0.07546309984172694,
                                    "count": 6251,
                                    "self": 0.0,
                                    "children": {
                                        "worker_root": {
                                            "total": 74.07436480015167,
                                            "count": 6251,
                                            "is_parallel": true,
                                            "self": 32.50677319926035,
                                            "children": {
                                                "steps_from_proto": {
                                                    "total": 0.00020979999681003392,
                                                    "count": 1,
                                                    "is_parallel": true,
                                                    "self": 6.890000076964498e-05,
                                                    "children": {
                                                        "_process_rank_one_or_two_observation": {
                                                            "total": 0.00014089999604038894,
                                                            "count": 2,
                                                            "is_parallel": true,
                                                            "self": 0.00014089999604038894
                                                        }
                                                    }
                                                },
                                                "UnityEnvironment.step": {
                                                    "total": 41.56738180089451,
                                                    "count": 6251,
                                                    "is_parallel": true,
                                                    "self": 0.5097591011144686,
                                                    "children": {
                                                        "UnityEnvironment._generate_step_input": {
                                                            "total": 0.443850199735607,
                                                            "count": 6251,
                                                            "is_parallel": true,
                                                            "self": 0.443850199735607
                                                        },
                                                        "communicator.exchange": {
                                                            "total": 39.41188219979813,
                                                            "count": 6251,
                                                            "is_parallel": true,
                                                            "self": 39.41188219979813
                                                        },
                                                        "steps_from_proto": {
                                                            "total": 1.2018903002463048,
                                                            "count": 6251,
                                                            "is_parallel": true,
                                                            "self": 0.5559018007334089,
                                                            "children": {
                                                                "_process_rank_one_or_two_observation": {
                                                                    "total": 0.6459884995128959,
                                                                    "count": 12502,
                                                                    "is_parallel": true,
                                                                    "self": 0.6459884995128959
                                                                }
                                                            }
                                                        }
                                                    }
                                                }
                                            }
                                        }
                                    }
                                }
                            }
                        },
                        "trainer_advance": {
                            "total": 1.0440379004721763,
                            "count": 6251,
                            "self": 0.13430440101365093,
                            "children": {
                                "process_trajectory": {
                                    "total": 0.9097334994585253,
                                    "count": 6251,
                                    "self": 0.9097334994585253
                                }
                            }
                        }
                    }
                },
                "TrainerController._save_models": {
                    "total": 0.15927889999875333,
                    "count": 1,
                    "self": 0.018728899987763725,
                    "children": {
                        "RLTrainer._checkpoint": {
                            "total": 0.1405500000109896,
                            "count": 1,