{
    "name": "root",
    "gauges": {
        "MoveToGoal.Policy.Entropy.mean": {
            "value": 1.419979453086853,
            "min": 1.419979453086853,
            "max": 1.419979453086853,
            "count": 1
        },
        "MoveToGoal.Policy.Entropy.sum": {
            "value": 73519.4375,
            "min": 73519.4375,
            "max": 73519.4375,
            "count": 1
        },
        "MoveToGoal.Environment.EpisodeLength.mean": {
            "value": 80.90893760539629,
            "min": 80.90893760539629,
            "max": 80.90893760539629,
            "count": 1
        },
        "MoveToGoal.Environment.EpisodeLength.sum": {
            "value": 47979.0,
            "min": 47979.0,
            "max": 47979.0,
            "count": 1
        },
        "MoveToGoal.Step.mean": {
            "value": 49980.0,
            "min": 49980.0,
            "max": 49980.0,
            "count": 1
        },
        "MoveToGoal.Step.sum": {
            "value": 49980.0,
            "min": 49980.0,
            "max": 49980.0,
            "count": 1
        },
        "MoveToGoal.Policy.ExtrinsicValueEstimate.mean": {
            "value": 0.2417369931936264,
            "min": 0.2417369931936264,
            "max": 0.2417369931936264,
            "count": 1
        },
        "MoveToGoal.Policy.ExtrinsicValueEstimate.sum": {
            "value": 282.5905456542969,
            "min": 282.5905456542969,
            "max": 282.5905456542969,
            "count": 1
        },
        "MoveToGoal.Environment.CumulativeReward.mean": {
            "value": -1.0,
            "min": -1.0,
            "max": -1.0,
            "count": 1
        },
        "MoveToGoal.Environment.CumulativeReward.sum": {
            "value": -593.0,
            "min": -593.0,
            "max": -593.0,
            "count": 1
        },
        "MoveToGoal.Policy.ExtrinsicReward.mean": {
            "value": -1.0,
            "min": -1.0,
            "max": -1.0,
            "count": 1
        },
        "MoveToGoal.Policy.ExtrinsicReward.sum": {
            "value": -593.0,
            "min": -593.0,
            "max": -593.0,
            "count": 1
        },
        "MoveToGoal.Losses.PolicyLoss.mean": {
            "value": 0.025291535361126685,
            "min": 0.025291535361126685,
            "max": 0.025291535361126685,
            "count": 1
        },
        "MoveToGoal.Losses.PolicyLoss.sum": {
            "value": 0.10116614144450674,
            "min": 0.10116614144450674,
            "max": 0.10116614144450674,
            "count": 1
        },
        "MoveToGoal.Losses.ValueLoss.mean": {
            "value": 0.07817532075180983,
            "min": 0.07817532075180983,
            "max": 0.07817532075180983,
            "count": 1
        },
        "MoveToGoal.Losses.ValueLoss.sum": {
            "value": 0.3127012830072393,
            "min": 0.3127012830072393,
            "max": 0.3127012830072393,
            "count": 1
        },
        "MoveToGoal.Policy.LearningRate.mean": {
            "value": 0.0002845827051391,
            "min": 0.0002845827051391,
            "max": 0.0002845827051391,
            "count": 1
        },
        "MoveToGoal.Policy.LearningRate.sum": {
            "value": 0.0011383308205564,
            "min": 0.0011383308205564,
            "max": 0.0011383308205564,
            "count": 1
        },
        "MoveToGoal.Policy.Epsilon.mean": {
            "value": 0.19486090000000003,
            "min": 0.19486090000000003,
            "max": 0.19486090000000003,
            "count": 1
        },
        "MoveToGoal.Policy.Epsilon.sum": {
            "value": 0.7794436000000001,
            "min": 0.7794436000000001,
            "max": 0.7794436000000001,
            "count": 1
        },
        "MoveToGoal.Policy.Beta.mean": {
            "value": 0.004743558910000001,
            "min": 0.004743558910000001,
            "max": 0.004743558910000001,
            "count": 1
        },
        "MoveToGoal.Policy.Beta.sum": {
            "value": 0.018974235640000003,
            "min": 0.018974235640000003,
            "max": 0.018974235640000003,
            "count": 1
        },
        "MoveToGoal.IsTraining.mean": {
            "value": 1.0,
            "min": 1.0,
            "max": 1.0,
            "count": 1
        },
        "MoveToGoal.IsTraining.sum": {
            "value": 1.0,
            "min": 1.0,
            "max": 1.0,
            "count": 1
        }
    },
    "metadata": {
        "timer_format_version": "0.1.0",
        "start_time_seconds": "1741306800",
        "python_version": "3.10.11 (tags/v3.10.11:7d4cc5a, Apr  5 2023, 00:38:17) [MSC v.1929 64 bit (AMD64)]",
        "command_line_arguments": "C:\\code\\599 Project\\Pebbles\\venv\\scripts\\mlagents-learn --run-id=test4",
        "mlagents_version": "1.1.0",
        "mlagents_envs_version": "1.1.0",
        "communication_protocol_version": "1.5.0",
        "pytorch_version": "2.2.2+cu121",
        "numpy_version": "1.23.5",
        "end_time_seconds": "1741306888"
    },
    "total": 87.51146150000568,
    "count": 1,
    "self": 10.005652100007865,
    "children": {
        "run_training.setup": {
            "total": 0.02357849999680184,
            "count": 1,
            "self": 0.02357849999680184
        },
        "TrainerController.start_learning": {
            "total": 77.48223090000101,
            "count": 1,
            "self": 0.045364900535787456,
            "children": {
                "TrainerController._reset_env": {
                    "total": 11.471234500000719,
                    "count": 1,
                    "self": 11.471234500000719
                },
                "TrainerController.advance": {
                    "total": 65.6930234994652,
                    "count": 2587,
                    "self": 0.038982399375527166,
                    "children": {
                        "env_step": {
                            "total": 53.2932903002511,
                            "count": 2587,
                            "self": 45.11629210077808,
                            "children": {
                                "SubprocessEnvManager._take_step": {
                                    "total": 8.15015169986873,
                                    "count": 2588,
                                    "self": 0.1275065997178899,
                                    "children": {
                                        "TorchPolicy.evaluate": {
                                            "total": 8.02264510015084,
                                            "count": 2128,
                                            "self": 8.02264510015084
                                        }
                                    }
                                },
                                "workers": {
                                    "total": 0.02684649960428942,
                                    "count": 2586,
                                    "self": 0.0,
                                    "children": {
                                        "worker_root": {
                                            "total": 59.81914300037897,
                                            "count": 2586,
                                            "is_parallel": true,
                                            "self": 24.232867100974545,
                                            "children": {
                                                "steps_from_proto": {
                                                    "total": 0.0006230000144569203,
                                                    "count": 2,
                                                    "is_parallel": true,
                                                    "self": 0.00018580001778900623,